{
    "variants": {
        "normal": [
            { "model": "stone1", "weight": 40 },
            { "model": "stone_mirrored1", "weight": 40 },
            { "model": "stone1", "y": 180, "weight": 40 },
            { "model": "stone_mirrored1", "y": 180, "weight": 40 },
            { "model": "stone2", "weight": 10 },
            { "model": "stone_mirrored2", "weight": 10 },
            { "model": "stone2", "y": 180, "weight": 10 },
            { "model": "stone_mirrored2", "y": 180, "weight": 10 },
            { "model": "stone3", "weight": 20 },
            { "model": "stone_mirrored3", "weight": 20 },
            { "model": "stone3", "y": 180, "weight": 20 },
            { "model": "stone_mirrored3", "y": 180, "weight": 1 },
            { "model": "stone4", "weight": 1 },
            { "model": "stone_mirrored4", "weight": 1 },
            { "model": "stone4", "y": 180, "weight": 1 },
            { "model": "stone_mirrored4", "y": 180, "weight": 1 }			
        ]
    }
}
