{
  "variants": {
    "snowy=false": [
      { "model": "grass_normal", "weight": 200 },
        { "model": "grass_normal", "y": 90, "weight": 200 },
        { "model": "grass_normal", "y": 180, "weight": 200 },
        { "model": "grass_normal", "y": 270, "weight": 200 },
      { "model": "grass_normal1", "weight": 70 },
        { "model": "grass_normal1", "y": 90, "weight": 70 },
        { "model": "grass_normal1", "y": 180, "weight": 70 },
        { "model": "grass_normal1", "y": 270, "weight": 70 },
      { "model": "grass_normal2", "weight": 1 },
        { "model": "grass_normal2", "y": 90, "weight": 1 },
        { "model": "grass_normal2", "y": 180, "weight": 1 },
        { "model": "grass_normal2", "y": 270, "weight": 1 },
      { "model": "grass_normal3", "weight": 1 },
        { "model": "grass_normal3", "y": 90, "weight": 1 },
        { "model": "grass_normal3", "y": 180, "weight": 1 },
        { "model": "grass_normal3", "y": 270, "weight": 1 },
      { "model": "grass_normal4", "weight": 1 },
        { "model": "grass_normal4", "y": 90, "weight": 1 },
        { "model": "grass_normal4", "y": 180, "weight": 1 },
        { "model": "grass_normal4", "y": 270, "weight": 1 }
    ],
    "snowy=true": { "model": "grass_snowed" }
  }
}
