{
	"__comment": "FrostCraft Magic Wand",
	"textures": {
		"particle": "blocks/blocks/blocks/blocks/gold_axe_bottom",
		"0": "items/gold_axe_handle",
		"1": "items/wand-1",
		"2": "items/wand-2"
	},
	"elements": [
		{
			"name": "Handle",
			"from": [ 7.0, 1.0, 7.0 ], 
			"to": [ 8.0, 18.0, 8.0 ], 
			"shade": false,
			"faces": {
				"north": { "texture": "#0", "uv": [ 0.0, 0.0, 2.0, 16.0 ] },
				"east": { "texture": "#0", "uv": [ 0.0, 0.0, 2.0, 16.0 ] },
				"south": { "texture": "#0", "uv": [ 0.0, 0.0, 2.0, 16.0 ] },
				"west": { "texture": "#0", "uv": [ 0.0, 0.0, 2.0, 16.0 ] },
				"up": { "texture": "#0", "uv": [ 0.0, 0.0, 2.0, 2.0 ] },
				"down": { "texture": "#0", "uv": [ 0.0, 0.0, 2.0, 2.0 ] }
			}
		},
		{
			"name": "Head",
			"from": [ 6.0, 18.0, 6.0 ], 
			"to": [ 9.0, 20.0, 9.0 ], 
			"faces": {
				"north": { "texture": "#1", "uv": [ 0.0, 0.0, 3.0, 3.0 ] },
				"east": { "texture": "#1", "uv": [ 0.0, 0.0, 3.0, 3.0 ] },
				"south": { "texture": "#1", "uv": [ 0.0, 0.0, 3.0, 3.0 ] },
				"west": { "texture": "#1", "uv": [ 0.0, 0.0, 9.0, 4.0 ] },
				"up": { "texture": "#1", "uv": [ 0.0, 0.0, 4.0, 9.0 ] },
				"down": { "texture": "#1", "uv": [ 0.0, 0.0, 4.0, 9.0 ] }
			}
		},
		{
			"name": "Wand-Component-1",
			"from": [ 7.0, 21.0, 7.0 ], 
			"to": [ 8.0, 22.0, 8.0 ], 
			"faces": {
				"north": { "texture": "#2", "uv": [ 0.0, 0.0, 1.0, 1.0 ] },
				"east": { "texture": "#2", "uv": [ 0.0, 0.0, 9.0, 4.0 ] },
				"south": { "texture": "#2", "uv": [ 0.0, 0.0, 4.0, 4.0 ] },
				"west": { "texture": "#2", "uv": [ 0.0, 0.0, 9.0, 4.0 ] },
				"up": { "texture": "#2", "uv": [ 0.0, 0.0, 4.0, 9.0 ] },
				"down": { "texture": "#2", "uv": [ 0.0, 0.0, 4.0, 9.0 ] }
			}
		},
		{
			"name": "Wand-Component-2",
			"from": [ 7.0, 19.0, 6.0 ], 
			"to": [ 8.0, 21.0, 7.0 ], 
			"rotation": { "origin": [ 6.0, 8.0, 8.0 ], "axis": "y", "angle": 45.0 },
			"faces": {
				"north": { "texture": "#2", "uv": [ 0.0, 0.0, 1.0, 2.0 ] },
				"east": { "texture": "#2", "uv": [ 0.0, 0.0, 9.0, 4.0 ] },
				"south": { "texture": "#2", "uv": [ 0.0, 0.0, 4.0, 4.0 ] },
				"west": { "texture": "#2", "uv": [ 0.0, 0.0, 9.0, 4.0 ] },
				"up": { "texture": "#2", "uv": [ 0.0, 0.0, 4.0, 9.0 ] },
				"down": { "texture": "#2", "uv": [ 0.0, 0.0, 4.0, 9.0 ] }
			}
		},
		{
			"name": "Wand-Component-3",
			"from": [ 6.0, 19.0, 7.0 ], 
			"to": [ 7.0, 21.0, 8.0 ], 
			"rotation": { "origin": [ 8.0, 8.0, 9.0 ], "axis": "y", "angle": 45.0 },
			"faces": {
				"north": { "texture": "#2", "uv": [ 0.0, 0.0, 1.0, 2.0 ] },
				"east": { "texture": "#2", "uv": [ 0.0, 0.0, 9.0, 4.0 ] },
				"south": { "texture": "#2", "uv": [ 0.0, 0.0, 4.0, 4.0 ] },
				"west": { "texture": "#2", "uv": [ 0.0, 0.0, 9.0, 4.0 ] },
				"up": { "texture": "#2", "uv": [ 0.0, 0.0, 4.0, 9.0 ] },
				"down": { "texture": "#2", "uv": [ 0.0, 0.0, 4.0, 9.0 ] }
			}
		},
		{
			"name": "Wand-Component-4",
			"from": [ 8.0, 19.0, 7.0 ], 
			"to": [ 9.0, 21.0, 8.0 ], 
			"rotation": { "origin": [ 7.0, 7.0, 6.0 ], "axis": "y", "angle": 45.0 },
			"faces": {
				"north": { "texture": "#2", "uv": [ 0.0, 0.0, 1.0, 2.0 ] },
				"east": { "texture": "#2", "uv": [ 0.0, 0.0, 9.0, 4.0 ] },
				"south": { "texture": "#2", "uv": [ 0.0, 0.0, 4.0, 4.0 ] },
				"west": { "texture": "#2", "uv": [ 0.0, 0.0, 9.0, 4.0 ] },
				"up": { "texture": "#2", "uv": [ 0.0, 0.0, 4.0, 9.0 ] },
				"down": { "texture": "#2", "uv": [ 0.0, 0.0, 4.0, 9.0 ] }
			}
		},
		{
			"name": "Wand-Component-5",
			"from": [ 7.0, 19.0, 8.0 ], 
			"to": [ 8.0, 21.0, 9.0 ], 
			"rotation": { "origin": [ 9.0, 9.0, 7.0 ], "axis": "y", "angle": 45.0 },
			"faces": {
				"north": { "texture": "#2", "uv": [ 0.0, 0.0, 1.0, 2.0 ] },
				"east": { "texture": "#2", "uv": [ 0.0, 0.0, 9.0, 4.0 ] },
				"south": { "texture": "#2", "uv": [ 0.0, 0.0, 4.0, 4.0 ] },
				"west": { "texture": "#2", "uv": [ 0.0, 0.0, 9.0, 4.0 ] },
				"up": { "texture": "#2", "uv": [ 0.0, 0.0, 4.0, 9.0 ] },
				"down": { "texture": "#2", "uv": [ 0.0, 0.0, 4.0, 9.0 ] }
			}
		},
		{
			"name": "bottom-cube-square-1",
			"from": [ 7.0, 17.0, 6.0 ], 
			"to": [ 8.0, 18.0, 7.0 ], 
			"faces": {
				"north": { "texture": "#1", "uv": [ 0.0, 0.0, 1.0, 1.0 ] },
				"east": { "texture": "#1", "uv": [ 0.0, 0.0, 9.0, 4.0 ] },
				"south": { "texture": "#1", "uv": [ 0.0, 0.0, 4.0, 4.0 ] },
				"west": { "texture": "#1", "uv": [ 0.0, 0.0, 9.0, 4.0 ] },
				"up": { "texture": "#1", "uv": [ 0.0, 0.0, 4.0, 9.0 ] },
				"down": { "texture": "#1", "uv": [ 0.0, 0.0, 4.0, 9.0 ] }
			}
		},
		{
			"name": "bottom-cube-square-2",
			"from": [ 7.0, 17.0, 8.0 ], 
			"to": [ 8.0, 18.0, 9.0 ], 
			"faces": {
				"north": { "texture": "#1", "uv": [ 0.0, 0.0, 1.0, 1.0 ] },
				"east": { "texture": "#1", "uv": [ 0.0, 0.0, 9.0, 4.0 ] },
				"south": { "texture": "#1", "uv": [ 0.0, 0.0, 4.0, 4.0 ] },
				"west": { "texture": "#1", "uv": [ 0.0, 0.0, 9.0, 4.0 ] },
				"up": { "texture": "#1", "uv": [ 0.0, 0.0, 4.0, 9.0 ] },
				"down": { "texture": "#1", "uv": [ 0.0, 0.0, 4.0, 9.0 ] }
			}
		},
		{
			"name": "bottom-cube-square-3",
			"from": [ 8.0, 17.0, 7.0 ], 
			"to": [ 9.0, 18.0, 8.0 ], 
			"faces": {
				"north": { "texture": "#1", "uv": [ 0.0, 0.0, 1.0, 1.0 ] },
				"east": { "texture": "#1", "uv": [ 0.0, 0.0, 9.0, 4.0 ] },
				"south": { "texture": "#1", "uv": [ 0.0, 0.0, 4.0, 4.0 ] },
				"west": { "texture": "#1", "uv": [ 0.0, 0.0, 9.0, 4.0 ] },
				"up": { "texture": "#1", "uv": [ 0.0, 0.0, 4.0, 9.0 ] },
				"down": { "texture": "#1", "uv": [ 0.0, 0.0, 4.0, 9.0 ] }
			}
		},
		{
			"name": "bottom-cube-square-4",
			"from": [ 6.0, 17.0, 7.0 ], 
			"to": [ 7.0, 18.0, 8.0 ], 
			"faces": {
				"north": { "texture": "#1", "uv": [ 0.0, 0.0, 1.0, 1.0 ] },
				"east": { "texture": "#1", "uv": [ 0.0, 0.0, 9.0, 4.0 ] },
				"south": { "texture": "#1", "uv": [ 0.0, 0.0, 4.0, 4.0 ] },
				"west": { "texture": "#1", "uv": [ 0.0, 0.0, 9.0, 4.0 ] },
				"up": { "texture": "#1", "uv": [ 0.0, 0.0, 4.0, 9.0 ] },
				"down": { "texture": "#1", "uv": [ 0.0, 0.0, 4.0, 9.0 ] }
			}
		},
		{
			"name": "top-cube-square-4",
			"from": [ 7.0, 20.0, 6.0 ], 
			"to": [ 8.0, 21.0, 7.0 ], 
			"faces": {
				"north": { "texture": "#1", "uv": [ 0.0, 0.0, 1.0, 1.0 ] },
				"east": { "texture": "#1", "uv": [ 0.0, 0.0, 9.0, 4.0 ] },
				"south": { "texture": "#1", "uv": [ 0.0, 0.0, 4.0, 4.0 ] },
				"west": { "texture": "#1", "uv": [ 0.0, 0.0, 9.0, 4.0 ] },
				"up": { "texture": "#1", "uv": [ 0.0, 0.0, 4.0, 9.0 ] },
				"down": { "texture": "#1", "uv": [ 0.0, 0.0, 4.0, 9.0 ] }
			}
		},
		{
			"name": "Cube",
			"from": [ 7.0, 20.0, 8.0 ], 
			"to": [ 8.0, 21.0, 9.0 ], 
			"faces": {
				"north": { "texture": "#1", "uv": [ 0.0, 0.0, 1.0, 1.0 ] },
				"east": { "texture": "#1", "uv": [ 0.0, 0.0, 9.0, 4.0 ] },
				"south": { "texture": "#1", "uv": [ 0.0, 0.0, 4.0, 4.0 ] },
				"west": { "texture": "#1", "uv": [ 0.0, 0.0, 9.0, 4.0 ] },
				"up": { "texture": "#1", "uv": [ 0.0, 0.0, 4.0, 9.0 ] },
				"down": { "texture": "#1", "uv": [ 0.0, 0.0, 4.0, 9.0 ] }
			}
		},
		{
			"name": "Misc-1",
			"from": [ 8.0, 20.0, 7.0 ], 
			"to": [ 9.0, 21.0, 8.0 ], 
			"faces": {
				"north": { "texture": "#1", "uv": [ 0.0, 0.0, 1.0, 1.0 ] },
				"east": { "texture": "#1", "uv": [ 0.0, 0.0, 9.0, 4.0 ] },
				"south": { "texture": "#1", "uv": [ 0.0, 0.0, 4.0, 4.0 ] },
				"west": { "texture": "#1", "uv": [ 0.0, 0.0, 9.0, 4.0 ] },
				"up": { "texture": "#1", "uv": [ 0.0, 0.0, 4.0, 9.0 ] },
				"down": { "texture": "#1", "uv": [ 0.0, 0.0, 4.0, 9.0 ] }
			}
		},
		{
			"name": "Misc-2",
			"from": [ 6.0, 20.0, 7.0 ], 
			"to": [ 7.0, 21.0, 8.0 ], 
			"faces": {
				"north": { "texture": "#1", "uv": [ 0.0, 0.0, 1.0, 1.0 ] },
				"east": { "texture": "#1", "uv": [ 0.0, 0.0, 9.0, 4.0 ] },
				"south": { "texture": "#1", "uv": [ 0.0, 0.0, 4.0, 4.0 ] },
				"west": { "texture": "#1", "uv": [ 0.0, 0.0, 9.0, 4.0 ] },
				"up": { "texture": "#1", "uv": [ 0.0, 0.0, 4.0, 9.0 ] },
				"down": { "texture": "#1", "uv": [ 0.0, 0.0, 4.0, 9.0 ] }
			}
		}
	],
			"display": {
		"thirdperson_righthand": {
			"rotation": [ 0, -90, 0 ],
			"translation": [ 0, 2, 1 ],
			"scale": [ 1, 1, 1 ]
		},
		"thirdperson_lefthand": {
			"rotation": [ 0, 90, 0 ],
			"translation": [ 0, 2, 1 ],
			"scale": [ 1, 1, 1 ]
		},
		"firstperson_righthand": {
			"rotation": [ 0, -90, 0 ],
			"translation": [ 1.13, 3.25, 1.13 ],
			"scale": [ 0.68, 0.68, 0.68 ]
		},
		"firstperson_lefthand": {
			"rotation": [ 0, 90, 0 ],
			"translation": [ 1.13, 3.25, 1.13 ],
			"scale": [ 0.68, 0.68, 0.68 ]
		},
		"gui": {
			"rotation": [ 0, 0, 0], 
			"translation": [ 0, -0.5, 0 ], 
			"scale": [ 1, 0.7, 1 ]
		},
		"head": {
			"rotation": [ 0, 180, 0 ],
			"translation": [ 0, 10, 0],
			"scale":[ 1.5, 1.5, 1.5]
		},
		"ground": {
			"rotation": [ 80, 0, -90 ],
			"translation": [ 0, 0, 0],
			"scale":[ 0.65, 0.65, 0.65 ]
		}
	}
}