{
	"__comment": "Simple Wand",
	"textures": {		
		"layer0": "wands/color_palet",
		"particle": "wands/particle_default",
		"0": "wands/color_palet"
	},
	"elements": [
		{
			"name": "Stick",
			"from": [ 7.0, 0.0, 7.0 ], 
			"to": [ 9.0, 12.0, 9.0 ], 
			"faces": {
				"north": { "texture": "#0", "uv": [ 2.0, 0.0, 4.0, 12.0 ] },
				"east": { "texture": "#0", "uv": [ 4.0, 0.0, 2.0, 12.0 ] },
				"south": { "texture": "#0", "uv": [ 2.0, 0.0, 4.0, 12.0 ] },
				"west": { "texture": "#0", "uv": [ 4.0, 0.0, 2.0, 12.0 ] },
				"down": { "texture": "#0", "uv": [ 1.0, 10.0, 3.0, 12.0 ] }
			}
		},
		{
			"name": "Heading",
			"from": [ 6.0, 12.0, 6.0 ], 
			"to": [ 10.0, 16.0, 10.0 ], 
			"faces": {
				"north": { "texture": "#0", "uv": [ 10.0, 4.0, 6.0, 8.0 ] },
				"east": { "texture": "#0", "uv": [ 6.0, 4.0, 10.0, 8.0 ] },
				"south": { "texture": "#0", "uv": [ 10.0, 4.0, 6.0, 8.0 ] },
				"west": { "texture": "#0", "uv": [ 6.0, 4.0, 10.0, 8.0 ] },
				"up": { "texture": "#0", "uv": [ 8.0, 3.0, 4.0, 7.0 ] },
				"down": { "texture": "#0", "uv": [ 8.0, 3.0, 4.0, 7.0 ] }
			}
		}
	],
		"display": {
		"thirdperson_righthand": {
			"rotation": [ 0, -90, 0 ],
			"translation": [ 0, 2, 1 ],
			"scale": [ 1, 1, 1 ]
		},
		"thirdperson_lefthand": {
			"rotation": [ 0, 90, 0 ],
			"translation": [ 0, 2, 1 ],
			"scale": [ 1, 1, 1 ]
		},
		"firstperson_righthand": {
			"rotation": [ 0, -90, 0 ],
			"translation": [ 1.13, 3.25, 1.13 ],
			"scale": [ 0.68, 0.68, 0.68 ]
		},
		"firstperson_lefthand": {
			"rotation": [ 0, 90, 0 ],
			"translation": [ 1.13, 3.25, 1.13 ],
			"scale": [ 0.68, 0.68, 0.68 ]
		},
		"gui": {
			"rotation": [ 25, 25, -40 ],
			"translation": [ -0.7, -1.5, 0],
			"scale": [ 0.75, 0.75, 0.75 ]
		},
		"head": {
			"rotation": [ 0, 180, 0 ],
			"translation": [ 0, 10, 0],
			"scale":[ 1.5, 1.5, 1.5]
		},
		"ground": {
			"rotation": [ 80, 0, -90 ],
			"translation": [ 0, 0, 0],
			"scale":[ 0.65, 0.65, 0.65 ]
		}
	}
}