{
    "__comment": "Model generated using MrCrayfish's Model Creator (http://mrcrayfish.com/modelcreator/)",
    "textures": {
        "particle": "blocks/wands/particle_default",
        "0": "wands/color_palet",
        "1": "blocks/color_palet"
    },
    "elements": [
        {
            "name": "Handle",
            "from": [ 7.5, 5.0, 7.5 ], 
            "to": [ 8.5, 17.0, 8.5 ], 
            "faces": {
                "north": { "texture": "#0", "uv": [ 2.0, 0.0, 3.0, 8.0 ] },
                "east": { "texture": "#0", "uv": [ 3.0, 0.0, 4.0, 8.0 ] },
                "south": { "texture": "#0", "uv": [ 2.0, 0.0, 3.0, 8.0 ] },
                "west": { "texture": "#0", "uv": [ 4.0, 0.0, 3.0, 8.0 ] },
                "up": { "texture": "#0", "uv": [ 0.0, 0.0, 2.0, 2.0 ] }
            }
        },
        {
            "name": "Head",
            "from": [ 6.5, 18.0, 6.5 ], 
            "to": [ 9.5, 20.0, 9.5 ], 
            "faces": {
                "north": { "texture": "#0", "uv": [ 4.0, 4.0, 7.0, 6.0 ] },
                "east": { "texture": "#0", "uv": [ 6.0, 3.0, 9.0, 5.0 ] },
                "south": { "texture": "#0", "uv": [ 7.0, 1.0, 10.0, 3.0 ] },
                "west": { "texture": "#0", "uv": [ 7.0, 0.0, 10.0, 2.0 ] },
                "up": { "texture": "#0", "uv": [ 7.0, 1.0, 10.0, 4.0 ] },
                "down": { "texture": "#0", "uv": [ 6.0, 6.0, 9.0, 3.0 ] }
            }
        },
        {
            "name": "Wand-Component-1",
            "from": [ 7.5, 21.0, 7.5 ], 
            "to": [ 8.5, 22.0, 8.5 ], 
            "faces": {
                "north": { "texture": "#0", "uv": [ 9.0, 3.0, 10.0, 4.0 ] },
                "east": { "texture": "#0", "uv": [ 4.0, 1.0, 5.0, 2.0 ] },
                "south": { "texture": "#0", "uv": [ 4.0, 2.0, 5.0, 3.0 ] },
                "west": { "texture": "#0", "uv": [ 4.0, 3.0, 5.0, 4.0 ] },
                "up": { "texture": "#0", "uv": [ 7.0, 5.0, 8.0, 6.0 ] }
            }
        },
        {
            "name": "Wand-Component-2",
            "from": [ 7.5, 19.0, 5.5 ], 
            "to": [ 8.5, 21.0, 6.5 ], 
            "rotation": { "origin": [ 8.0, 8.0, 8.0 ], "axis": "y", "angle": 45.0 },
            "faces": {
                "north": { "texture": "#0", "uv": [ 10.0, 1.0, 11.0, 3.0 ] },
                "east": { "texture": "#0", "uv": [ 11.0, 0.0, 10.0, 2.0 ] },
                "south": { "texture": "#0", "uv": [ 10.0, 0.0, 11.0, 2.0 ] },
                "west": { "texture": "#0", "uv": [ 15.0, 4.0, 14.0, 2.0 ] },
                "up": { "texture": "#0", "uv": [ 11.0, 7.0, 12.0, 8.0 ] },
                "down": { "texture": "#0", "uv": [ 15.0, 5.0, 16.0, 6.0 ] }
            }
        },
        {
            "name": "Wand-Component-3",
            "from": [ 5.5, 19.0, 7.5 ], 
            "to": [ 6.5, 21.0, 8.5 ], 
            "rotation": { "origin": [ 8.0, 8.0, 8.0 ], "axis": "y", "angle": 45.0 },
            "faces": {
                "north": { "texture": "#0", "uv": [ 10.0, 1.0, 11.0, 3.0 ] },
                "east": { "texture": "#0", "uv": [ 11.0, 0.0, 10.0, 2.0 ] },
                "south": { "texture": "#0", "uv": [ 10.0, 0.0, 11.0, 2.0 ] },
                "west": { "texture": "#0", "uv": [ 15.0, 4.0, 14.0, 2.0 ] },
                "up": { "texture": "#0", "uv": [ 11.0, 7.0, 12.0, 8.0 ] },
                "down": { "texture": "#0", "uv": [ 15.0, 5.0, 16.0, 6.0 ] }
            }
        },
        {
            "name": "Wand-Component-4",
            "from": [ 9.5, 19.0, 7.5 ], 
            "to": [ 10.5, 21.0, 8.5 ], 
            "rotation": { "origin": [ 8.0, 8.0, 8.0 ], "axis": "y", "angle": 45.0 },
            "faces": {
                "north": { "texture": "#0", "uv": [ 10.0, 1.0, 11.0, 3.0 ] },
                "east": { "texture": "#0", "uv": [ 11.0, 0.0, 10.0, 2.0 ] },
                "south": { "texture": "#0", "uv": [ 10.0, 0.0, 11.0, 2.0 ] },
                "west": { "texture": "#0", "uv": [ 15.0, 4.0, 14.0, 2.0 ] },
                "up": { "texture": "#0", "uv": [ 11.0, 7.0, 12.0, 8.0 ] },
                "down": { "texture": "#0", "uv": [ 15.0, 5.0, 16.0, 6.0 ] }
            }
        },
        {
            "name": "Wand-Component-5",
            "from": [ 7.5, 19.0, 9.5 ], 
            "to": [ 8.5, 21.0, 10.5 ], 
            "rotation": { "origin": [ 8.0, 8.0, 8.0 ], "axis": "y", "angle": 45.0 },
            "faces": {
                "north": { "texture": "#0", "uv": [ 10.0, 1.0, 11.0, 3.0 ] },
                "east": { "texture": "#0", "uv": [ 11.0, 0.0, 10.0, 2.0 ] },
                "south": { "texture": "#0", "uv": [ 10.0, 0.0, 11.0, 2.0 ] },
                "west": { "texture": "#0", "uv": [ 15.0, 4.0, 14.0, 2.0 ] },
                "up": { "texture": "#0", "uv": [ 11.0, 7.0, 12.0, 8.0 ] },
                "down": { "texture": "#0", "uv": [ 15.0, 5.0, 16.0, 6.0 ] }
            }
        },
        {
            "name": "bottom-cube-square-1",
            "from": [ 7.5, 17.0, 6.5 ], 
            "to": [ 8.5, 18.0, 7.5 ], 
            "faces": {
                "north": { "texture": "#0", "uv": [ 7.0, 1.0, 8.0, 2.0 ] },
                "east": { "texture": "#0", "uv": [ 5.0, 0.0, 6.0, 1.0 ] },
                "west": { "texture": "#0", "uv": [ 7.0, 4.0, 8.0, 5.0 ] },
                "down": { "texture": "#0", "uv": [ 5.0, 7.0, 6.0, 8.0 ] }
            }
        },
        {
            "name": "bottom-cube-square-2",
            "from": [ 7.5, 17.0, 8.5 ], 
            "to": [ 8.5, 18.0, 9.5 ], 
            "faces": {
                "east": { "texture": "#0", "uv": [ 6.0, 2.0, 7.0, 3.0 ] },
                "south": { "texture": "#0", "uv": [ 9.0, 4.0, 8.0, 5.0 ] },
                "west": { "texture": "#0", "uv": [ 7.0, 4.0, 8.0, 5.0 ] },
                "down": { "texture": "#0", "uv": [ 8.0, 7.0, 9.0, 8.0 ] }
            }
        },
        {
            "name": "bottom-cube-square-3",
            "from": [ 8.5, 17.0, 7.5 ], 
            "to": [ 9.5, 18.0, 8.5 ], 
            "faces": {
                "north": { "texture": "#0", "uv": [ 7.0, 1.0, 8.0, 2.0 ] },
                "east": { "texture": "#0", "uv": [ 4.0, 1.0, 5.0, 2.0 ] },
                "south": { "texture": "#0", "uv": [ 5.0, 5.0, 4.0, 6.0 ] },
                "down": { "texture": "#0", "uv": [ 5.0, 7.0, 6.0, 8.0 ] }
            }
        },
        {
            "name": "bottom-cube-square-4",
            "from": [ 6.5, 17.0, 7.5 ], 
            "to": [ 7.5, 18.0, 8.5 ], 
            "faces": {
                "north": { "texture": "#0", "uv": [ 7.0, 1.0, 8.0, 2.0 ] },
                "south": { "texture": "#0", "uv": [ 10.0, 7.0, 9.0, 8.0 ] },
                "west": { "texture": "#0", "uv": [ 7.0, 4.0, 8.0, 5.0 ] },
                "down": { "texture": "#0", "uv": [ 5.0, 7.0, 6.0, 8.0 ] }
            }
        },
        {
            "name": "top-cube-square-4",
            "from": [ 7.5, 20.0, 6.5 ], 
            "to": [ 8.5, 21.0, 7.5 ], 
            "faces": {
                "north": { "texture": "#0", "uv": [ 7.0, 1.0, 8.0, 2.0 ] },
                "east": { "texture": "#0", "uv": [ 5.0, 0.0, 6.0, 1.0 ] },
                "south": { "texture": "#0", "uv": [ 7.0, 7.0, 6.0, 8.0 ] },
                "west": { "texture": "#0", "uv": [ 7.0, 4.0, 8.0, 5.0 ] },
                "up": { "texture": "#0", "uv": [ 9.0, 5.0, 10.0, 6.0 ] },
                "down": { "texture": "#0", "uv": [ 5.0, 7.0, 6.0, 8.0 ] }
            }
        },
        {
            "name": "Cube",
            "from": [ 7.5, 20.0, 8.5 ], 
            "to": [ 8.5, 21.0, 9.5 ], 
            "faces": {
                "east": { "texture": "#0", "uv": [ 5.0, 3.0, 6.0, 4.0 ] },
                "south": { "texture": "#0", "uv": [ 5.0, 6.0, 6.0, 7.0 ] },
                "west": { "texture": "#0", "uv": [ 6.0, 7.0, 7.0, 8.0 ] },
                "up": { "texture": "#0", "uv": [ 6.0, 1.0, 7.0, 2.0 ] }
            }
        },
        {
            "name": "Misc-1",
            "from": [ 8.5, 20.0, 7.5 ], 
            "to": [ 9.5, 21.0, 8.5 ], 
            "faces": {
                "north": { "texture": "#0", "uv": [ 4.0, 0.0, 5.0, 1.0 ] },
                "east": { "texture": "#0", "uv": [ 5.0, 4.0, 6.0, 5.0 ] },
                "south": { "texture": "#0", "uv": [ 7.0, 2.0, 6.0, 3.0 ] },
                "up": { "texture": "#0", "uv": [ 6.0, 5.0, 7.0, 6.0 ] }
            }
        },
        {
            "name": "Misc-2",
            "from": [ 6.5, 20.0, 7.5 ], 
            "to": [ 7.5, 21.0, 8.5 ], 
            "faces": {
                "north": { "texture": "#0", "uv": [ 4.0, 2.0, 5.0, 3.0 ] },
                "south": { "texture": "#0", "uv": [ 6.0, 7.0, 7.0, 8.0 ] },
                "west": { "texture": "#0", "uv": [ 7.0, 5.0, 8.0, 6.0 ] },
                "up": { "texture": "#0", "uv": [ 9.0, 3.0, 10.0, 4.0 ] }
            }
        },
        {
            "name": "bottom-handle",
            "from": [ 7.5, 1.0, 7.5 ], 
            "to": [ 8.5, 5.0, 8.5 ], 
            "faces": {
                "north": { "texture": "#0", "uv": [ 1.0, 8.0, 2.0, 12.0 ] },
                "east": { "texture": "#0", "uv": [ 0.0, 8.0, 1.0, 12.0 ] },
                "south": { "texture": "#0", "uv": [ 2.0, 8.0, 3.0, 12.0 ] },
                "west": { "texture": "#0", "uv": [ 0.0, 8.0, 1.0, 12.0 ] },
                "down": { "texture": "#0", "uv": [ 2.0, 11.0, 3.0, 12.0 ] }
            }
        },
        {
            "name": "Cube",
            "from": [ 7.0, 1.0, 8.0 ], 
            "to": [ 8.0, 7.0, 9.0 ], 
            "rotation": { "origin": [ 8.0, 5.0, 8.0 ], "axis": "y", "angle": 22.5 },
            "faces": {
                "north": { "texture": "#1", "uv": [ 3.0, 0.0, 4.0, 6.0 ] },
                "east": { "texture": "#1", "uv": [ 3.0, 0.0, 4.0, 6.0 ] },
                "south": { "texture": "#1", "uv": [ 3.0, 0.0, 4.0, 6.0 ] },
                "west": { "texture": "#1", "uv": [ 3.0, 1.0, 4.0, 7.0 ] },
                "up": { "texture": "#1", "uv": [ 2.0, 1.0, 3.0, 2.0 ] },
                "down": { "texture": "#1", "uv": [ 2.0, 6.0, 3.0, 7.0 ] }
            }
        },
        {
            "name": "Cube",
            "from": [ 8.0, 4.0, 8.0 ], 
            "to": [ 9.0, 10.0, 9.0 ], 
            "rotation": { "origin": [ 8.0, 5.0, 8.0 ], "axis": "y", "angle": 22.5 },
            "faces": {
                "north": { "texture": "#1", "uv": [ 3.0, 0.0, 4.0, 6.0 ] },
                "east": { "texture": "#1", "uv": [ 3.0, 0.0, 4.0, 6.0 ] },
                "south": { "texture": "#1", "uv": [ 3.0, 0.0, 4.0, 6.0 ] },
                "west": { "texture": "#1", "uv": [ 3.0, 1.0, 4.0, 7.0 ] },
                "up": { "texture": "#1", "uv": [ 2.0, 1.0, 3.0, 2.0 ] },
                "down": { "texture": "#1", "uv": [ 2.0, 6.0, 3.0, 7.0 ] }
            }
        },
        {
            "name": "Cube",
            "from": [ 8.0, 8.0, 7.0 ], 
            "to": [ 9.0, 14.0, 8.0 ], 
            "rotation": { "origin": [ 8.0, 5.0, 8.0 ], "axis": "y", "angle": 22.5 },
            "faces": {
                "north": { "texture": "#1", "uv": [ 3.0, 0.0, 4.0, 6.0 ] },
                "east": { "texture": "#1", "uv": [ 3.0, 0.0, 4.0, 6.0 ] },
                "south": { "texture": "#1", "uv": [ 3.0, 0.0, 4.0, 6.0 ] },
                "west": { "texture": "#1", "uv": [ 3.0, 1.0, 4.0, 7.0 ] },
                "up": { "texture": "#1", "uv": [ 2.0, 1.0, 3.0, 2.0 ] },
                "down": { "texture": "#1", "uv": [ 2.0, 6.0, 3.0, 7.0 ] }
            }
        },
        {
            "name": "Cube",
            "from": [ 7.0, 11.0, 7.0 ], 
            "to": [ 8.0, 17.0, 8.0 ], 
            "rotation": { "origin": [ 8.0, 5.0, 8.0 ], "axis": "y", "angle": 22.5 },
            "faces": {
                "north": { "texture": "#1", "uv": [ 3.0, 0.0, 4.0, 6.0 ] },
                "east": { "texture": "#1", "uv": [ 3.0, 0.0, 4.0, 6.0 ] },
                "south": { "texture": "#1", "uv": [ 3.0, 0.0, 4.0, 6.0 ] },
                "west": { "texture": "#1", "uv": [ 3.0, 1.0, 4.0, 7.0 ] },
                "up": { "texture": "#1", "uv": [ 2.0, 1.0, 3.0, 2.0 ] },
                "down": { "texture": "#1", "uv": [ 2.0, 6.0, 3.0, 7.0 ] }
            }
        },
        {
            "name": "Cube",
            "from": [ 8.0, 0.0, 7.0 ], 
            "to": [ 9.0, 6.0, 8.0 ], 
            "rotation": { "origin": [ 8.0, 5.0, 8.0 ], "axis": "y", "angle": 22.5 },
            "faces": {
                "north": { "texture": "#1", "uv": [ 3.0, 0.0, 4.0, 6.0 ] },
                "east": { "texture": "#1", "uv": [ 3.0, 0.0, 4.0, 6.0 ] },
                "south": { "texture": "#1", "uv": [ 3.0, 0.0, 4.0, 6.0 ] },
                "west": { "texture": "#1", "uv": [ 3.0, 1.0, 4.0, 7.0 ] },
                "up": { "texture": "#1", "uv": [ 2.0, 1.0, 3.0, 2.0 ] },
                "down": { "texture": "#1", "uv": [ 2.0, 6.0, 3.0, 7.0 ] }
            }
        }
    ]
}