{
		"__comment": "Mana Forge Hammer",
    "textures": {
				"particle": "wands/particle_default",
        "0": "wands/color_palet"
    },
    "elements": [
        {
            "name": "Handle",
            "from": [ 7.0, 1.0, 7.0 ],
            "to": [ 9.0, 18.0, 9.0 ],
            "shade": false,
            "faces": {
                "north": { "texture": "#0", "uv": [ 2.0, 0.0, 4.0, 8.0 ] },
                "east": { "texture": "#0", "uv": [ 2.0, 0.0, 4.0, 8.0 ] },
                "south": { "texture": "#0", "uv": [ 4.0, 0.0, 2.0, 8.0 ] },
                "west": { "texture": "#0", "uv": [ 2.0, 0.0, 4.0, 8.0 ] },
                "up": { "texture": "#0", "uv": [ 2.0, 3.0, 4.0, 5.0 ], "rotation": 180 },
                "down": { "texture": "#0", "uv": [ 2.0, 1.0, 4.0, 3.0 ] }
            }
        },
        {
            "name": "Head",
            "from": [ 6.0, 12.0, 4.0 ],
            "to": [ 10.0, 17.0, 13.0 ],
            "faces": {
                "north": { "texture": "#0", "uv": [ 6.0, 1.0, 10.0, 6.0 ] },
                "east": { "texture": "#0", "uv": [ 4.0, 0.0, 9.0, 9.0 ], "rotation": 90 },
                "south": { "texture": "#0", "uv": [ 8.0, 0.0, 4.0, 5.0 ] },
                "west": { "texture": "#0", "uv": [ 4.0, 0.0, 9.0, 9.0 ], "rotation": 90 },
                "up": { "texture": "#0", "uv": [ 6.0, 0.0, 10.0, 9.0 ] },
                "down": { "texture": "#0", "uv": [ 6.0, 0.0, 10.0, 9.0 ], "rotation": 180 }
            }
        },
        {
            "name": "Head-Side",
            "from": [ 5.0, 13.0, 4.0 ],
            "to": [ 6.0, 16.0, 13.0 ],
            "faces": {
                "north": { "texture": "#0", "uv": [ 6.0, 3.0, 7.0, 6.0 ] },
                "south": { "texture": "#0", "uv": [ 7.0, 0.0, 8.0, 3.0 ] },
                "west": { "texture": "#0", "uv": [ 10.0, 0.0, 7.0, 9.0 ], "rotation": 90 },
                "up": { "texture": "#0", "uv": [ 4.0, 0.0, 5.0, 9.0 ], "rotation": 180 },
                "down": { "texture": "#0", "uv": [ 7.0, 0.0, 8.0, 9.0 ] }
            }
        },
        {
            "name": "Head-Side-2",
            "from": [ 10.0, 13.0, 4.0 ],
            "to": [ 11.0, 16.0, 13.0 ],
            "faces": {
                "north": { "texture": "#0", "uv": [ 8.0, 2.0, 9.0, 5.0 ] },
                "east": { "texture": "#0", "uv": [ 4.0, 0.0, 7.0, 9.0 ], "rotation": 90 },
                "south": { "texture": "#0", "uv": [ 4.0, 0.0, 4.0, 3.0 ] },
                "up": { "texture": "#0", "uv": [ 5.0, 0.0, 4.0, 9.0 ] },
                "down": { "texture": "#0", "uv": [ 7.0, 0.0, 8.0, 9.0 ], "rotation": 180 }
            }
        },
        {
            "name": "Bottom",
            "from": [ 7.0, 0.0, 7.0 ],
            "to": [ 9.0, 1.0, 9.0 ],
            "shade": false,
            "faces": {
                "north": { "texture": "#0", "uv": [ 2.0, 9.0, 4.0, 10.0 ] },
                "east": { "texture": "#0", "uv": [ 2.0, 8.0, 4.0, 9.0 ] },
                "south": { "texture": "#0", "uv": [ 2.0, 8.0, 4.0, 9.0 ] },
                "west": { "texture": "#0", "uv": [ 2.0, 8.0, 4.0, 9.0 ] },
                "down": { "texture": "#0", "uv": [ 2.0, 8.0, 4.0, 10.0 ] }
            }
        }
    ],
		"display": {
		"thirdperson_righthand": {
			"rotation": [ 0, 0, 0 ],
			"translation": [ 0, 1, 1 ],
			"scale": [ 1, 1, 1 ]
		},
		"thirdperson_lefthand": {
			"rotation": [ 0, 0, 0 ],
			"translation": [ 0, 1, 1 ],
			"scale": [ 1, 1, 1 ]
		},
		"gui": {
			"rotation": [ 25, 25, -40 ],
			"translation": [ -0.5, -1, 0],
			"scale": [ 0.775, 0.875, 0.975 ]
		},
		"head": {
			"rotation": [ 0, 180, 0 ],
			"translation": [ 0, 10, 0],
			"scale":[ 1.5, 1.5, 1.5]
		},
		"ground": {
			"rotation": [ 80, 0, -90 ],
			"translation": [ 0, 0, 0],
			"scale":[ 0.65, 0.65, 0.65 ]
		},
		"fixed": {
			"rotation": [ 0, 90, 0 ],
			"translation": [ 0, -2, 0],
			"scale":[ 0.8, 0.8, 0.8 ]
		}
	}
}
